en:
  marten_calendar:
    calendar:
      label: "Calendar"
      month_names:
        january: "January"
        february: "February"
        march: "March"
        april: "April"
        may: "May"
        june: "June"
        july: "July"
        august: "August"
        september: "September"
        october: "October"
        november: "November"
        december: "December"
      weekday_names:
        monday: "Mon"
        tuesday: "Tue"
        wednesday: "Wed"
        thursday: "Thu"
        friday: "Fri"
        saturday: "Sat"
        sunday: "Sun"
